N_PROF,CYCLE_NUMBER,PRES,TEMP,PSAL,LATITUDE,LONGITUDE,TIME
1,52,1215.1,8.35,33.71,30.606,-35.354,2010-01-01
2,93,488.7,32.87,38.7,-5.701,28.018,2010-01-02
3,15,996.5,30.31,37.3,49.239,-69.165,2010-01-03
4,72,660.7,3.99,36.48,-67.788,-8.208,2010-01-04
5,61,1867.4,27.09,37.96,22.738,105.503,2010-01-05
6,21,15.1,19.26,37.54,-39.875,173.247,2010-01-06
7,83,450.7,18.96,30.36,63.537,155.696,2010-01-07
8,87,730.7,12.47,33.95,77.109,156.192,2010-01-08
9,75,975.6,16.54,39.31,89.352,-35.199,2010-01-09
10,75,1701.6,12.7,31.26,53.281,-11.236,2010-01-10
11,88,175.8,17.97,37.37,45.672,74.029,2010-01-11
12,24,1611.7,21.23,39.75,-51.21,151.989,2010-01-12
13,3,111.3,22.95,30.52,-29.519,-128.882,2010-01-13
14,22,1684.6,17.7,36.82,-6.177,-70.473,2010-01-14
15,53,103.3,24.69,34.68,49.209,-129.871,2010-01-15
16,2,36.5,3.23,35.79,74.694,40.323,2010-01-16
17,88,1393.9,5.84,30.85,-55.955,-69.732,2010-01-17
18,30,1994.5,28.29,30.43,76.026,-62.601,2010-01-18
19,38,1793.2,9.93,36.67,35.212,-154.47,2010-01-19
20,2,1152.0,-1.15,38.23,19.939,-54.073,2010-01-20
21,64,1834.8,3.69,37.82,-54.029,130.499,2010-01-21
22,60,10.6,6.27,35.44,-80.005,-96.094,2010-01-22
23,21,1950.1,33.42,31.0,12.324,70.267,2010-01-23
24,33,981.5,19.2,36.88,27.273,46.666,2010-01-24
25,76,1445.8,32.51,32.42,-52.059,130.854,2010-01-25
26,58,1641.7,19.28,39.11,10.162,-132.376,2010-01-26
27,22,1436.9,15.74,38.38,64.169,171.932,2010-01-27
28,89,1070.1,9.61,37.09,60.312,29.746,2010-01-28
29,49,953.2,20.44,39.49,76.924,178.371,2010-01-29
30,91,1677.2,3.15,30.31,-24.141,148.145,2010-01-30
31,59,410.2,31.24,37.36,-32.751,-100.254,2010-01-31
32,42,1936.0,28.69,33.3,44.897,-159.782,2010-02-01
33,92,1421.9,9.75,39.06,-12.4,-87.97,2010-02-02
34,60,399.0,33.25,32.67,-74.241,9.923,2010-02-03
35,80,1472.5,28.53,37.25,-39.096,-118.225,2010-02-04
36,15,1059.7,22.65,38.78,-14.655,-119.714,2010-02-05
37,62,1414.5,2.51,30.42,-37.347,-13.466,2010-02-06
38,62,1535.6,15.69,33.98,-30.203,-168.024,2010-02-07
39,47,174.6,16.73,37.62,-37.12,-136.12,2010-02-08
40,62,1012.2,6.6,34.55,-82.53,-30.29,2010-02-09
41,51,1864.0,0.96,32.67,24.677,-157.273,2010-02-10
42,55,641.3,26.74,32.2,17.513,-37.168,2010-02-11
43,64,1187.8,2.52,31.32,27.609,-9.358,2010-02-12
44,3,738.5,19.99,38.57,-55.384,-17.544,2010-02-13
45,51,908.5,32.65,35.75,-36.782,132.903,2010-02-14
46,7,1097.2,30.42,30.76,21.531,10.822,2010-02-15
47,21,1097.8,8.28,33.83,17.933,-11.527,2010-02-16
48,73,403.5,29.5,33.68,1.139,-32.145,2010-02-17
49,39,1369.1,-1.99,31.82,-26.926,114.344,2010-02-18
50,18,175.7,-1.35,34.36,74.328,142.22,2010-02-19
51,4,277.6,20.29,33.32,-28.841,127.167,2010-02-20
52,89,5.4,11.5,33.42,-7.989,62.477,2010-02-21
53,60,233.4,12.3,37.39,32.06,-130.55,2010-02-22
54,14,946.3,18.88,32.23,7.744,-80.327,2010-02-23
55,9,1212.2,5.1,36.42,-27.561,-163.417,2010-02-24
56,90,1588.6,5.83,35.71,-11.584,155.097,2010-02-25
57,53,213.4,15.93,35.68,53.007,57.887,2010-02-26
58,2,1701.5,25.91,36.63,-39.937,88.691,2010-02-27
59,84,1491.9,20.92,35.48,-64.394,-67.834,2010-02-28
60,92,817.0,9.0,38.79,-33.631,124.435,2010-03-01
61,60,1865.9,13.92,36.76,62.916,-86.543,2010-03-02
62,71,1981.9,4.31,35.47,-73.982,-179.408,2010-03-03
63,44,410.0,0.76,38.3,88.505,-44.491,2010-03-04
64,8,758.5,26.96,36.06,7.381,25.474,2010-03-05
65,47,1852.9,7.82,32.91,87.272,-7.666,2010-03-06
66,35,1443.2,4.58,32.07,79.019,130.347,2010-03-07
67,78,96.2,23.59,31.52,-8.494,-142.054,2010-03-08
68,81,1563.0,20.87,38.99,-54.272,19.376,2010-03-09
69,36,1655.9,21.43,37.1,-60.321,4.673,2010-03-10
70,50,1501.0,6.47,39.37,-46.802,-78.699,2010-03-11
71,4,1599.1,6.61,36.03,37.824,116.002,2010-03-12
72,2,1650.3,6.17,34.73,-40.869,91.026,2010-03-13
73,6,372.8,4.43,30.6,-28.543,83.829,2010-03-14
74,54,471.4,22.26,36.72,-9.22,135.429,2010-03-15
75,4,1267.5,29.38,35.82,74.382,80.202,2010-03-16
76,54,1815.7,24.8,39.9,-55.909,-96.537,2010-03-17
77,93,632.4,27.31,32.39,-89.095,74.003,2010-03-18
78,63,1176.6,12.98,35.31,-79.183,-69.227,2010-03-19
79,18,1366.0,22.2,36.51,72.858,-92.817,2010-03-20
80,90,903.9,11.11,36.45,26.553,-153.719,2010-03-21
81,44,1427.6,17.44,35.61,-40.853,87.85,2010-03-22
82,34,1799.3,15.82,37.77,-58.105,75.96,2010-03-23
83,74,1248.2,4.54,32.05,-37.032,-95.58,2010-03-24
84,62,1079.6,12.32,37.26,-69.337,89.776,2010-03-25
85,14,877.5,33.66,36.2,79.476,150.423,2010-03-26
86,95,1155.0,7.2,38.96,51.157,-141.11,2010-03-27
87,48,710.7,2.95,38.47,-6.77,-96.251,2010-03-28
88,15,783.0,13.49,33.15,65.693,90.094,2010-03-29
89,72,1063.7,27.24,32.76,-45.098,-81.178,2010-03-30
90,78,133.2,19.54,39.82,39.082,44.879,2010-03-31
91,87,458.1,23.2,35.27,64.104,-150.781,2010-04-01
92,62,1085.7,5.02,39.06,-25.782,-17.207,2010-04-02
93,40,863.1,20.9,31.64,46.344,86.073,2010-04-03
94,85,665.6,9.97,36.43,-36.887,67.145,2010-04-04
95,80,1461.1,28.87,38.1,-36.206,113.426,2010-04-05
96,82,1387.4,21.28,39.47,-70.73,135.883,2010-04-06
97,53,333.5,5.36,33.37,-10.79,98.346,2010-04-07
98,24,1757.3,0.39,37.25,41.348,61.772,2010-04-08
99,26,990.8,-0.42,35.39,79.24,-168.58,2010-04-09
100,89,1482.9,11.74,30.61,18.683,12.588,2010-04-10
101,60,1146.3,7.84,36.9,65.364,-166.429,2010-04-11
102,41,1995.4,21.91,36.9,58.049,110.904,2010-04-12
103,29,1504.8,16.48,39.31,-58.798,-64.539,2010-04-13
104,15,1414.0,7.84,34.97,-2.553,22.475,2010-04-14
105,45,1557.1,3.52,32.3,-68.954,-79.4,2010-04-15
106,65,286.3,2.71,30.45,32.788,101.7,2010-04-16
107,89,409.1,29.99,34.16,80.982,139.141,2010-04-17
108,71,1428.1,7.01,33.02,-65.324,-36.489,2010-04-18
109,9,988.0,22.11,37.61,42.099,130.652,2010-04-19
110,88,1509.3,28.0,33.54,23.803,-83.853,2010-04-20
111,1,205.8,20.72,39.49,15.049,12.478,2010-04-21
112,8,1073.0,29.8,39.62,-19.778,129.154,2010-04-22
113,88,757.6,12.52,36.21,-26.076,-62.683,2010-04-23
114,63,914.0,33.38,39.29,-81.855,163.455,2010-04-24
115,11,1207.9,2.93,37.61,-50.776,-136.123,2010-04-25
116,81,1004.6,1.78,35.47,-87.268,-173.421,2010-04-26
117,8,1079.7,22.37,31.8,14.655,145.489,2010-04-27
118,35,972.7,32.88,34.59,-70.946,-155.286,2010-04-28
119,35,817.9,27.93,35.61,67.143,177.08,2010-04-29
120,33,1543.8,0.83,38.64,4.166,162.503,2010-04-30
121,5,24.4,8.34,34.81,35.944,-130.672,2010-05-01
122,41,1196.9,32.42,38.98,-16.046,13.53,2010-05-02
123,28,1131.0,7.36,36.74,10.904,-113.429,2010-05-03
124,7,1432.4,26.9,31.37,79.679,-25.864,2010-05-04
125,73,1198.1,28.53,39.95,-75.108,-157.887,2010-05-05
126,72,1653.6,16.33,35.27,-44.291,-99.387,2010-05-06
127,12,1918.1,12.29,33.92,50.398,-49.222,2010-05-07
128,34,685.0,14.65,36.59,-72.227,-22.087,2010-05-08
129,33,454.7,6.4,31.09,-76.381,171.899,2010-05-09
130,48,847.2,30.91,36.37,-24.923,110.832,2010-05-10
131,23,575.9,14.67,34.98,-73.41,85.468,2010-05-11
132,62,1229.9,30.65,34.07,15.314,13.335,2010-05-12
133,88,1823.7,1.91,39.53,-49.27,122.399,2010-05-13
134,37,278.2,34.57,35.23,71.226,-57.844,2010-05-14
135,99,201.6,14.4,32.19,51.03,75.204,2010-05-15
136,44,512.0,-0.23,34.59,35.947,177.762,2010-05-16
137,86,1452.2,-0.59,39.19,21.05,-66.734,2010-05-17
138,91,1185.9,25.61,31.76,65.424,62.646,2010-05-18
139,35,204.4,22.38,32.14,-49.849,123.953,2010-05-19
140,65,1837.5,27.68,30.13,67.16,149.691,2010-05-20
141,99,1580.2,1.9,30.14,52.109,78.456,2010-05-21
142,47,46.0,-0.68,38.29,44.669,-77.901,2010-05-22
143,78,1302.7,16.82,37.32,11.026,-62.538,2010-05-23
144,3,1542.5,12.34,33.55,-45.676,-172.527,2010-05-24
145,1,748.9,15.09,36.98,-13.761,93.919,2010-05-25
146,5,137.8,34.69,33.95,52.843,-164.614,2010-05-26
147,90,154.6,33.92,39.53,-84.28,131.275,2010-05-27
148,14,208.5,32.87,39.67,50.769,-137.282,2010-05-28
149,27,1680.9,27.0,33.93,-46.787,-118.124,2010-05-29
150,9,1821.4,11.13,38.54,-64.024,-8.45,2010-05-30
151,79,245.6,13.25,37.73,-69.174,85.637,2010-05-31
152,15,471.8,18.34,33.1,-85.095,-129.959,2010-06-01
153,90,331.0,28.73,32.32,4.246,-21.574,2010-06-02
154,42,372.6,0.54,34.58,-50.713,-6.174,2010-06-03
155,77,1675.0,13.7,37.81,88.098,-103.577,2010-06-04
156,51,664.3,1.06,39.6,13.399,-138.399,2010-06-05
157,63,622.9,17.04,37.64,-65.181,121.112,2010-06-06
158,96,454.8,31.26,38.55,33.977,0.888,2010-06-07
159,52,1215.8,26.95,36.03,71.594,-174.823,2010-06-08
160,96,758.6,6.43,38.35,44.132,109.073,2010-06-09
161,4,1488.5,34.11,37.84,-76.241,173.086,2010-06-10
162,94,411.2,22.69,33.77,71.259,38.133,2010-06-11
163,23,1575.6,-1.61,35.52,52.907,1.335,2010-06-12
164,15,1207.4,7.45,38.05,-61.505,136.23,2010-06-13
165,43,228.5,7.65,30.46,-80.679,162.906,2010-06-14
166,29,829.0,0.56,38.08,10.316,91.633,2010-06-15
167,36,1727.0,33.51,31.78,-61.914,-19.637,2010-06-16
168,13,1845.9,15.7,35.15,60.226,33.2,2010-06-17
169,32,931.4,31.15,38.08,-25.5,72.337,2010-06-18
170,71,961.7,9.92,32.54,74.321,-110.062,2010-06-19
171,59,1836.9,2.63,32.46,11.824,-19.008,2010-06-20
172,86,1174.1,15.55,34.03,-57.119,118.736,2010-06-21
173,28,65.7,2.22,38.95,-64.872,55.701,2010-06-22
174,66,1825.5,15.98,30.0,13.765,-31.967,2010-06-23
175,42,496.5,32.05,39.01,47.139,58.811,2010-06-24
176,45,1155.3,17.27,31.54,50.671,-137.44,2010-06-25
177,62,331.0,20.81,39.9,-40.364,-35.461,2010-06-26
178,57,67.8,3.8,39.55,-53.236,105.526,2010-06-27
179,6,622.9,-0.38,34.95,-86.984,-100.617,2010-06-28
180,28,1561.0,2.1,35.13,32.256,-113.054,2010-06-29
181,28,555.2,20.15,34.82,-76.218,162.295,2010-06-30
182,44,440.2,1.52,36.35,-14.263,-104.437,2010-07-01
183,84,425.4,11.91,30.91,18.303,-86.069,2010-07-02
184,30,1030.3,18.35,30.33,78.68,169.062,2010-07-03
185,62,1951.1,12.38,30.58,-33.876,84.495,2010-07-04
186,75,918.0,4.06,34.44,-45.041,71.855,2010-07-05
187,92,1114.6,8.13,32.76,27.749,127.053,2010-07-06
188,89,1721.3,32.35,36.22,21.463,-138.304,2010-07-07
189,62,1070.1,23.01,39.92,-30.22,74.144,2010-07-08
190,97,368.9,16.35,33.86,77.058,1.328,2010-07-09
191,1,599.2,-1.53,35.74,62.075,118.494,2010-07-10
192,27,619.9,34.72,34.16,-49.683,2.931,2010-07-11
193,62,794.6,22.84,38.47,-46.954,43.287,2010-07-12
194,77,853.6,9.73,39.02,2.214,-8.013,2010-07-13
195,3,1599.6,30.53,38.77,49.243,-7.863,2010-07-14
196,70,698.8,7.56,39.74,-82.073,96.469,2010-07-15
197,72,936.5,18.13,30.28,34.8,46.284,2010-07-16
198,27,1250.0,21.53,38.4,26.682,47.975,2010-07-17
199,9,755.5,6.18,37.52,-48.334,-17.898,2010-07-18
200,62,1673.1,34.2,32.29,32.644,11.199,2010-07-19
201,37,1174.9,25.68,39.56,79.233,88.458,2010-07-20
202,97,588.1,18.64,31.48,-81.579,117.339,2010-07-21
203,51,1428.1,4.68,36.8,-32.463,70.762,2010-07-22
204,44,1055.3,-0.01,32.25,-11.128,152.666,2010-07-23
205,24,1068.9,9.84,34.31,71.867,115.317,2010-07-24
206,79,962.2,25.87,37.19,83.207,22.271,2010-07-25
207,59,994.0,7.97,35.63,-10.059,61.706,2010-07-26
208,32,1530.7,17.96,34.28,45.005,153.471,2010-07-27
209,96,206.0,24.93,33.26,5.699,42.9,2010-07-28
210,88,668.7,1.99,38.4,6.801,116.931,2010-07-29
211,52,151.0,23.36,31.44,-39.942,67.972,2010-07-30
212,62,1506.5,1.4,34.3,-50.948,18.697,2010-07-31
213,58,544.6,33.71,39.04,-38.159,-92.938,2010-08-01
214,52,1794.9,16.07,38.46,10.139,-26.641,2010-08-02
215,12,1053.2,3.58,34.01,-84.752,168.387,2010-08-03
216,39,1601.5,10.67,37.63,73.305,56.796,2010-08-04
217,2,1957.9,13.3,38.23,-61.869,23.182,2010-08-05
218,3,1679.6,26.05,38.89,-50.384,155.864,2010-08-06
219,56,1734.0,25.51,35.45,3.29,31.144,2010-08-07
220,81,816.0,20.64,32.04,37.821,9.39,2010-08-08
221,59,1103.4,1.92,32.55,-72.769,93.352,2010-08-09
222,2,507.8,3.61,32.96,-32.815,76.56,2010-08-10
223,2,392.2,1.47,35.94,84.361,-110.462,2010-08-11
224,92,1011.0,19.36,30.33,-42.778,-10.329,2010-08-12
225,54,1190.1,30.45,36.36,-33.651,-9.894,2010-08-13
226,87,678.5,14.05,33.64,60.57,-43.839,2010-08-14
227,96,1138.9,3.95,32.95,-80.961,6.226,2010-08-15
228,97,1774.9,18.65,38.79,-6.37,-31.281,2010-08-16
229,1,1113.4,28.03,34.6,-21.669,-108.236,2010-08-17
230,19,1441.6,25.44,30.95,-33.014,-31.548,2010-08-18
231,2,1610.6,30.61,38.27,-38.574,-153.98,2010-08-19
232,53,1977.5,8.28,30.48,-73.553,27.283,2010-08-20
233,44,1206.4,5.18,37.27,-33.331,127.316,2010-08-21
234,90,1613.7,30.55,37.74,-82.251,81.103,2010-08-22
235,32,1925.3,22.33,33.53,50.573,-50.258,2010-08-23
236,70,1888.8,9.5,38.25,-18.319,-148.654,2010-08-24
237,32,282.2,25.47,35.16,-10.097,-107.226,2010-08-25
238,68,812.8,28.16,34.63,70.847,16.377,2010-08-26
239,55,648.0,20.75,30.45,28.45,-105.459,2010-08-27
240,75,173.9,23.45,32.9,-88.549,15.83,2010-08-28
241,56,1266.5,11.88,39.31,79.771,-96.624,2010-08-29
242,17,1471.8,17.93,33.92,-47.314,125.613,2010-08-30
243,38,1696.3,17.39,35.47,-70.629,-36.982,2010-08-31
244,24,245.6,29.38,35.32,48.263,-91.602,2010-09-01
245,69,1752.9,29.08,35.9,0.086,112.437,2010-09-02
246,98,1285.9,28.81,30.61,-11.921,-56.578,2010-09-03
247,70,1407.9,-1.59,33.62,-45.089,-139.864,2010-09-04
248,86,1821.2,25.73,37.23,8.545,25.347,2010-09-05
249,11,1249.5,26.07,32.01,-40.611,29.363,2010-09-06
250,16,671.7,23.1,32.04,72.285,77.29,2010-09-07
251,97,1650.2,25.98,30.1,-51.263,-93.521,2010-09-08
252,73,726.1,29.15,34.37,69.184,-20.242,2010-09-09
253,59,68.5,15.4,38.83,10.693,-78.348,2010-09-10
254,70,1661.3,16.58,30.52,59.128,-150.857,2010-09-11
255,80,690.4,2.61,31.91,38.312,135.581,2010-09-12
256,93,1547.7,12.26,33.1,35.405,82.393,2010-09-13
257,3,725.5,21.8,37.32,-31.618,-71.473,2010-09-14
258,20,1722.1,26.87,36.41,-47.899,35.774,2010-09-15
259,59,439.0,6.04,34.16,-52.04,-107.545,2010-09-16
260,36,1949.1,3.1,37.59,64.294,140.485,2010-09-17
261,19,1559.5,22.53,36.1,57.677,-138.634,2010-09-18
262,90,228.5,-1.93,38.96,-10.697,-178.619,2010-09-19
263,67,1131.6,4.6,38.18,-66.167,0.723,2010-09-20
264,19,1970.7,-0.92,32.53,-21.195,29.926,2010-09-21
265,20,942.1,4.17,32.71,21.482,28.428,2010-09-22
266,96,364.2,4.71,31.25,-8.207,-160.376,2010-09-23
267,71,969.6,12.34,33.37,50.434,-66.944,2010-09-24
268,52,1024.9,12.89,40.0,89.572,-0.288,2010-09-25
269,33,1483.4,30.35,34.06,-55.596,-102.031,2010-09-26
270,40,1397.7,16.87,32.2,-7.263,134.145,2010-09-27
271,39,805.1,24.77,37.62,-12.423,-148.641,2010-09-28
272,82,436.0,1.85,35.42,-35.191,-4.542,2010-09-29
273,1,1290.1,6.34,31.5,-54.343,68.91,2010-09-30
274,11,843.4,24.01,33.81,-78.175,-85.77,2010-10-01
275,92,264.6,-0.05,34.14,69.681,44.727,2010-10-02
276,57,1801.1,16.0,37.54,-14.427,118.579,2010-10-03
277,89,1382.4,20.18,30.21,-0.559,-111.479,2010-10-04
278,50,1366.4,20.28,32.69,75.05,150.199,2010-10-05
279,23,1645.2,-1.15,35.18,49.732,19.281,2010-10-06
280,31,1059.3,9.92,32.69,-66.51,-72.276,2010-10-07
281,94,1630.1,21.55,36.28,11.776,-24.891,2010-10-08
282,42,996.2,3.51,34.82,-10.395,-67.611,2010-10-09
283,99,134.4,23.73,33.62,53.498,81.04,2010-10-10
284,7,810.5,25.6,39.49,40.362,106.668,2010-10-11
285,16,994.9,34.33,36.32,34.273,119.857,2010-10-12
286,90,1440.4,5.76,31.3,-28.702,174.877,2010-10-13
287,60,213.2,28.53,35.6,54.893,104.862,2010-10-14
288,2,280.0,17.25,37.81,-80.57,36.498,2010-10-15
289,1,527.4,11.82,37.08,-61.268,-57.881,2010-10-16
290,48,533.0,2.53,31.72,-29.588,16.054,2010-10-17
291,12,1464.4,25.21,39.72,-76.175,-165.215,2010-10-18
292,69,501.5,6.73,34.49,-47.701,88.137,2010-10-19
293,37,1266.2,11.74,31.59,59.427,-19.456,2010-10-20
294,32,988.5,0.31,31.8,80.685,-172.792,2010-10-21
295,9,1146.6,27.65,30.98,-35.172,-157.498,2010-10-22
296,99,1676.2,26.36,38.04,-42.387,-40.512,2010-10-23
297,19,808.8,25.14,31.22,-39.619,30.032,2010-10-24
298,48,1541.8,9.08,31.25,-40.011,-12.887,2010-10-25
299,80,844.1,4.42,38.5,-83.533,42.914,2010-10-26
300,3,707.7,21.59,33.45,76.845,-7.094,2010-10-27
301,20,1917.3,16.36,30.31,-51.534,58.213,2010-10-28
302,24,368.7,4.6,30.52,-14.399,-101.115,2010-10-29
303,54,180.7,23.38,31.42,-88.256,-139.376,2010-10-30
304,33,1542.0,34.67,32.13,64.432,34.716,2010-10-31
305,24,136.5,25.65,36.65,41.608,-5.512,2010-11-01
306,75,1674.2,25.38,31.57,80.416,-170.328,2010-11-02
307,72,874.4,33.16,31.19,50.691,-43.027,2010-11-03
308,36,1831.0,5.51,37.65,-33.533,-141.795,2010-11-04
309,38,1443.1,18.93,36.71,-45.383,11.288,2010-11-05
310,84,1220.8,34.25,34.35,35.589,-37.52,2010-11-06
311,99,1898.6,4.12,35.49,-24.46,40.735,2010-11-07
312,89,793.3,23.91,33.12,11.919,110.017,2010-11-08
313,99,1908.2,19.67,34.83,-88.874,-72.119,2010-11-09
314,25,270.0,19.7,35.07,-78.861,166.357,2010-11-10
315,93,967.5,23.81,33.87,6.366,12.828,2010-11-11
316,18,539.8,32.4,39.07,11.893,42.585,2010-11-12
317,82,1079.7,26.96,30.16,45.262,65.042,2010-11-13
318,66,324.0,0.08,37.82,-66.246,60.023,2010-11-14
319,54,1683.1,29.55,31.24,2.373,3.949,2010-11-15
320,35,1692.8,6.35,37.98,-54.999,-25.645,2010-11-16
321,80,1910.5,11.95,36.16,-73.225,-160.638,2010-11-17
322,61,309.3,15.08,38.43,-16.111,-172.049,2010-11-18
323,41,1246.7,15.79,30.98,-60.599,-51.134,2010-11-19
324,33,948.5,14.1,35.59,-50.079,-59.882,2010-11-20
325,68,688.8,32.68,35.01,-32.84,-40.43,2010-11-21
326,33,703.1,24.12,37.06,-43.31,-130.187,2010-11-22
327,14,825.6,21.35,35.34,-74.234,85.741,2010-11-23
328,21,1409.9,-0.16,35.41,-73.815,128.507,2010-11-24
329,48,1196.6,31.44,34.3,-55.215,157.937,2010-11-25
330,20,919.4,31.65,33.09,-80.899,-2.75,2010-11-26
331,8,151.9,26.87,34.82,22.762,72.312,2010-11-27
332,7,155.5,-1.74,31.18,-38.281,127.998,2010-11-28
333,67,4.7,0.12,39.62,-39.646,-29.415,2010-11-29
334,17,1935.4,6.33,37.14,-30.24,-68.611,2010-11-30
335,33,10.5,2.86,39.52,29.303,157.221,2010-12-01
336,48,206.2,12.76,32.27,66.714,5.644,2010-12-02
337,76,629.2,32.14,38.79,46.636,-0.989,2010-12-03
338,59,1614.9,15.47,38.09,40.955,-115.77,2010-12-04
339,86,1924.2,-1.5,36.77,-2.81,-141.064,2010-12-05
340,22,1580.0,8.46,36.25,34.885,123.158,2010-12-06
341,30,1381.1,-0.35,33.17,9.497,41.088,2010-12-07
342,38,1042.6,-0.66,38.16,-51.075,-62.703,2010-12-08
343,51,173.4,8.2,35.02,-52.454,-110.975,2010-12-09
344,54,1916.3,8.2,30.71,-36.649,19.979,2010-12-10
345,8,1516.8,27.12,33.13,73.944,30.211,2010-12-11
346,27,1277.9,34.07,39.35,8.535,-105.482,2010-12-12
347,27,1518.1,11.73,38.51,42.103,126.506,2010-12-13
348,98,1448.2,13.87,39.82,-27.619,-149.665,2010-12-14
349,21,1274.5,29.26,36.28,-16.611,-51.806,2010-12-15
350,30,1961.2,7.92,32.48,-67.398,64.938,2010-12-16
351,97,1806.7,3.79,31.63,-59.167,-81.317,2010-12-17
352,28,1293.3,29.56,31.87,58.924,117.963,2010-12-18
353,64,1386.4,-0.28,30.2,15.271,86.352,2010-12-19
354,97,103.2,20.93,33.91,-29.244,104.048,2010-12-20
355,69,1339.8,18.79,31.91,54.513,-137.122,2010-12-21
356,61,88.3,10.8,34.12,-45.626,-129.403,2010-12-22
357,48,1176.5,9.66,39.35,85.686,-76.869,2010-12-23
358,19,1998.7,26.56,34.31,-27.933,6.508,2010-12-24
359,4,1111.6,1.2,38.78,-29.284,89.286,2010-12-25
360,35,946.4,6.76,36.06,-33.856,121.151,2010-12-26
361,64,625.7,25.1,32.47,-68.02,73.561,2010-12-27
362,49,241.0,18.29,33.56,-69.995,154.295,2010-12-28
363,17,1462.0,2.74,30.84,26.659,85.948,2010-12-29
364,44,385.2,30.64,33.33,67.521,-69.744,2010-12-30
365,92,230.6,12.56,36.78,52.294,-84.571,2010-12-31
366,30,843.5,28.63,30.72,-64.601,70.629,2011-01-01
367,93,1590.7,27.15,32.05,8.205,-110.567,2011-01-02
368,46,1490.1,21.1,33.81,-70.994,-146.623,2011-01-03
369,6,109.8,16.3,39.82,-81.847,11.6,2011-01-04
370,99,910.3,34.24,37.85,28.149,115.791,2011-01-05
371,37,1044.9,3.36,37.33,6.327,-143.503,2011-01-06
372,24,1289.1,24.83,31.16,-75.236,105.081,2011-01-07
373,93,1300.3,5.07,37.81,-83.711,112.166,2011-01-08
374,46,729.4,10.52,37.85,88.156,-6.381,2011-01-09
375,53,1121.4,9.42,36.01,-84.596,-159.368,2011-01-10
376,95,962.1,33.04,39.9,-9.985,-117.148,2011-01-11
377,99,1770.0,33.79,33.25,0.831,74.673,2011-01-12
378,60,1060.5,4.77,39.41,-68.89,76.24,2011-01-13
379,97,882.1,-1.18,39.15,-59.569,143.408,2011-01-14
380,63,809.0,24.64,30.11,-26.675,29.767,2011-01-15
381,85,1144.9,13.47,34.5,47.102,-135.321,2011-01-16
382,32,1608.0,1.29,39.77,1.275,-136.291,2011-01-17
383,87,1076.8,23.3,31.03,24.822,79.608,2011-01-18
384,33,1323.3,18.17,35.48,87.331,-113.838,2011-01-19
385,67,1475.7,34.28,39.79,48.241,-61.781,2011-01-20
386,18,1040.3,6.41,35.55,-11.815,-4.604,2011-01-21
387,25,853.6,12.95,31.9,-9.64,-171.085,2011-01-22
388,95,1753.3,18.07,35.82,21.379,-90.425,2011-01-23
389,54,835.0,27.29,32.04,29.766,-33.16,2011-01-24
390,58,923.9,18.31,35.2,0.128,-79.331,2011-01-25
391,67,1980.7,20.68,30.74,26.075,-130.907,2011-01-26
392,46,0.5,6.37,36.05,-85.764,82.084,2011-01-27
393,24,370.9,29.34,35.17,-12.668,112.733,2011-01-28
394,32,767.9,13.86,37.4,-39.791,-87.308,2011-01-29
395,47,1865.2,3.22,36.31,-66.749,98.791,2011-01-30
396,86,140.1,22.57,35.5,-72.082,-41.201,2011-01-31
397,23,19.0,6.0,36.9,18.575,2.407,2011-02-01
398,66,105.4,1.61,31.44,4.248,128.16,2011-02-02
399,27,177.1,29.89,35.95,-44.355,89.983,2011-02-03
400,2,75.2,15.03,31.72,-5.229,109.842,2011-02-04
401,90,959.6,25.72,39.26,-1.398,-130.736,2011-02-05
402,17,1161.5,8.75,30.68,-54.898,-154.901,2011-02-06
403,33,543.4,27.12,34.3,27.377,141.626,2011-02-07
404,9,796.6,2.14,36.96,50.565,-40.38,2011-02-08
405,43,183.4,11.17,34.58,52.463,-76.363,2011-02-09
406,48,672.7,34.19,30.92,18.445,80.891,2011-02-10
407,39,1045.0,27.38,35.53,2.095,121.11,2011-02-11
408,93,1464.5,16.4,36.42,-79.019,130.496,2011-02-12
409,42,6.7,10.57,37.04,-38.19,-66.241,2011-02-13
410,26,934.6,30.27,33.73,-73.211,126.796,2011-02-14
411,99,594.0,18.16,35.64,83.488,-165.264,2011-02-15
412,50,1705.6,26.06,34.51,-65.686,-162.122,2011-02-16
413,25,1431.1,25.9,36.72,-62.68,44.467,2011-02-17
414,24,1178.2,-1.34,35.84,70.124,-157.282,2011-02-18
415,13,554.5,2.67,35.26,79.907,-63.141,2011-02-19
416,60,1820.7,22.41,32.5,47.849,62.192,2011-02-20
417,7,90.2,3.98,30.02,-89.027,-58.584,2011-02-21
418,57,218.9,7.45,31.74,-89.758,-115.344,2011-02-22
419,36,783.3,33.03,31.17,-21.942,-78.714,2011-02-23
420,45,248.9,18.73,34.49,-64.189,-15.273,2011-02-24
421,20,1912.8,25.78,36.12,-86.69,-8.861,2011-02-25
422,65,1596.0,18.65,32.13,-6.468,101.88,2011-02-26
423,8,518.0,18.44,39.39,79.751,90.055,2011-02-27
424,16,1177.1,1.48,30.07,-31.712,-15.546,2011-02-28
425,14,1964.7,10.72,37.72,29.005,124.44,2011-03-01
426,76,1768.4,8.45,36.25,27.402,-138.875,2011-03-02
427,87,1201.6,12.46,33.74,-44.806,-88.073,2011-03-03
428,15,1807.4,27.54,30.5,27.077,118.072,2011-03-04
429,92,1978.4,11.76,36.27,-51.78,-43.922,2011-03-05
430,98,1486.7,14.71,33.86,-68.039,173.225,2011-03-06
431,66,130.0,12.7,39.36,36.249,-12.149,2011-03-07
432,32,803.2,1.46,35.42,-69.581,105.097,2011-03-08
433,87,1675.7,14.32,39.4,89.444,-35.169,2011-03-09
434,63,461.1,5.24,32.2,-56.979,-27.017,2011-03-10
435,86,1661.3,4.91,37.26,16.946,-42.162,2011-03-11
436,51,240.7,1.48,36.17,-15.953,78.867,2011-03-12
437,25,93.9,11.2,37.39,-67.25,17.106,2011-03-13
438,58,768.2,26.03,32.15,-84.988,159.76,2011-03-14
439,63,73.5,8.23,36.65,22.092,-89.679,2011-03-15
440,62,1914.5,9.56,34.98,55.216,-143.797,2011-03-16
441,22,1652.4,21.78,37.43,61.563,-38.426,2011-03-17
442,58,1601.5,5.25,33.27,-3.112,42.017,2011-03-18
443,58,1259.6,31.19,38.9,49.942,129.888,2011-03-19
444,86,432.6,17.25,30.84,31.112,-55.369,2011-03-20
445,49,1036.5,14.56,38.07,40.366,55.363,2011-03-21
446,52,1194.5,18.64,38.61,-1.332,-53.928,2011-03-22
447,42,1050.1,4.14,38.17,24.014,42.199,2011-03-23
448,70,520.5,20.7,35.13,54.995,138.531,2011-03-24
449,15,1030.5,11.43,34.38,-18.381,-96.711,2011-03-25
450,54,982.4,31.2,39.96,55.076,-34.473,2011-03-26
451,60,1992.7,4.25,32.29,16.563,177.575,2011-03-27
452,97,1794.9,16.76,35.47,-60.138,132.681,2011-03-28
453,8,926.8,20.13,36.71,-85.557,23.27,2011-03-29
454,53,1245.9,-0.76,37.01,-24.704,5.986,2011-03-30
455,60,1495.7,11.46,32.04,8.405,-77.544,2011-03-31
456,5,69.7,25.11,36.54,61.168,6.195,2011-04-01
457,68,1789.8,28.35,38.18,-67.053,125.345,2011-04-02
458,6,1720.3,9.59,30.5,54.037,66.663,2011-04-03
459,96,914.9,27.55,39.12,65.342,-75.584,2011-04-04
460,94,782.3,33.81,30.3,-62.876,-107.473,2011-04-05
461,47,545.9,29.7,33.56,63.287,-84.525,2011-04-06
462,99,953.4,2.35,30.16,88.462,-118.887,2011-04-07
463,55,88.8,25.37,30.77,40.831,-145.569,2011-04-08
464,40,1704.4,9.83,39.11,51.259,-29.111,2011-04-09
465,52,70.8,34.57,33.55,88.995,-139.212,2011-04-10
466,16,658.1,15.96,34.25,18.987,-118.111,2011-04-11
467,13,1863.2,2.53,32.15,-34.58,17.037,2011-04-12
468,30,1470.4,24.83,35.97,60.756,-120.744,2011-04-13
469,19,562.8,9.95,35.95,20.607,-157.003,2011-04-14
470,17,505.3,34.89,33.72,14.615,-65.74,2011-04-15
471,63,10.2,34.25,33.33,-44.346,-100.685,2011-04-16
472,19,1391.4,22.28,38.85,46.14,5.51,2011-04-17
473,92,97.6,2.8,33.83,-75.3,-143.148,2011-04-18
474,58,1065.2,23.41,34.94,76.372,90.637,2011-04-19
475,55,1924.2,1.44,32.83,-31.352,146.244,2011-04-20
476,90,218.9,-0.91,37.87,-67.001,87.637,2011-04-21
477,90,1789.0,28.45,33.97,-10.374,11.818,2011-04-22
478,62,1983.0,5.76,35.14,-82.355,129.84,2011-04-23
479,23,123.0,12.02,32.53,33.233,70.171,2011-04-24
480,9,1765.8,34.02,39.88,72.487,-176.202,2011-04-25
481,12,1032.2,10.46,32.91,60.707,-38.128,2011-04-26
482,1,1813.0,8.97,37.71,-67.073,126.343,2011-04-27
483,58,1142.6,31.97,34.27,-67.271,-55.491,2011-04-28
484,1,1324.2,2.1,32.06,56.418,-167.323,2011-04-29
485,34,1087.6,26.1,38.0,76.366,88.625,2011-04-30
486,96,1729.0,34.56,33.34,-7.079,108.734,2011-05-01
487,48,1467.8,31.35,38.65,-0.185,-122.186,2011-05-02
488,89,1042.5,22.11,39.15,-32.713,13.443,2011-05-03
489,1,1736.3,9.62,38.6,70.968,-110.896,2011-05-04
490,16,490.6,7.41,30.35,26.083,78.924,2011-05-05
491,61,314.7,28.31,37.87,-38.115,-82.242,2011-05-06
492,64,320.8,30.55,34.11,-36.219,-66.163,2011-05-07
493,63,668.0,17.44,38.74,70.416,124.19,2011-05-08
494,69,477.4,7.04,36.38,-87.546,-8.524,2011-05-09
495,22,1860.2,2.18,38.34,-31.909,61.112,2011-05-10
496,93,211.7,1.23,34.99,9.784,-35.146,2011-05-11
497,67,1398.0,24.61,35.35,-63.321,-72.718,2011-05-12
498,76,378.4,13.54,31.44,-73.422,45.172,2011-05-13
499,26,1763.3,31.5,37.84,56.75,-124.251,2011-05-14
500,16,1922.6,25.37,34.19,70.993,-45.72,2011-05-15
501,51,930.9,5.08,35.0,58.249,-104.747,2011-05-16
502,86,1758.1,20.71,37.85,71.782,70.486,2011-05-17
503,57,10.3,14.11,35.99,9.56,159.915,2011-05-18
504,29,1639.9,19.36,32.01,56.206,178.384,2011-05-19
505,78,457.3,25.31,35.9,-20.872,-17.9,2011-05-20
506,92,1817.4,27.83,34.08,29.928,-89.089,2011-05-21
507,69,2.2,29.22,34.7,87.99,-20.581,2011-05-22
508,47,1112.4,7.4,30.28,-49.369,125.017,2011-05-23
509,94,1513.3,-0.85,32.1,-19.818,-105.838,2011-05-24
510,62,517.4,25.35,32.81,-3.591,162.754,2011-05-25
511,69,386.3,1.93,37.13,-65.157,-56.928,2011-05-26
512,76,168.2,9.65,30.11,-75.413,174.889,2011-05-27
513,16,652.9,-1.86,34.09,59.35,121.899,2011-05-28
514,90,1119.7,23.22,39.24,85.823,111.085,2011-05-29
515,90,231.7,4.18,31.12,-17.149,-65.554,2011-05-30
516,48,753.4,22.25,35.16,-74.223,-176.84,2011-05-31
517,85,18.1,34.69,37.87,-78.154,-42.432,2011-06-01
518,39,1637.4,0.69,39.43,70.437,-71.349,2011-06-02
519,33,256.9,0.85,37.47,-6.513,-166.537,2011-06-03
520,94,566.7,10.59,37.21,-32.395,1.931,2011-06-04
521,23,36.9,30.06,38.26,-4.237,-34.909,2011-06-05
522,10,864.5,5.97,34.46,-32.705,48.44,2011-06-06
523,69,1680.2,11.33,38.06,-1.974,43.627,2011-06-07
524,34,784.3,0.53,30.08,64.72,-136.531,2011-06-08
525,52,359.0,26.24,39.25,16.614,171.708,2011-06-09
526,95,1507.4,13.11,34.43,35.038,-112.705,2011-06-10
527,10,1577.6,26.09,35.53,-24.359,-19.701,2011-06-11
528,19,347.5,31.43,32.55,42.931,-4.278,2011-06-12
529,58,1541.7,6.61,37.43,29.991,112.703,2011-06-13
530,96,1894.6,27.87,30.77,-68.479,-144.277,2011-06-14
531,1,332.8,0.19,38.73,13.076,-25.688,2011-06-15
532,69,1542.0,31.26,38.28,-43.786,46.261,2011-06-16
533,4,1417.1,22.08,32.16,54.737,-102.544,2011-06-17
534,16,947.1,30.35,38.09,-13.331,45.888,2011-06-18
535,24,115.8,-1.99,37.86,89.043,152.519,2011-06-19
536,80,149.4,4.26,36.32,-73.35,179.107,2011-06-20
537,2,1704.8,12.42,33.74,50.463,-168.318,2011-06-21
538,92,1980.3,12.04,32.71,31.266,-95.188,2011-06-22
539,32,1352.1,6.39,32.32,48.15,-68.289,2011-06-23
540,91,891.9,12.12,33.19,-34.645,-36.315,2011-06-24
541,84,1295.1,2.77,39.04,-1.43,-92.787,2011-06-25
542,24,1188.8,13.27,30.78,53.372,-106.744,2011-06-26
543,12,767.2,27.69,38.29,-48.143,163.639,2011-06-27
544,50,131.3,15.73,33.49,-49.314,150.668,2011-06-28
545,35,1643.0,-1.33,35.22,9.189,-163.083,2011-06-29
546,33,743.7,13.59,37.94,4.241,-58.027,2011-06-30
547,33,1637.6,-0.99,38.84,-39.193,-34.147,2011-07-01
548,61,505.0,33.75,33.45,-36.346,-93.955,2011-07-02
549,51,2.1,2.72,34.62,-39.988,46.394,2011-07-03
550,43,317.9,24.18,34.15,48.872,50.537,2011-07-04
551,12,937.1,33.99,30.13,27.342,126.182,2011-07-05
552,67,1888.6,28.56,32.96,59.835,86.713,2011-07-06
553,65,204.4,23.87,34.59,85.585,15.326,2011-07-07
554,33,1708.4,29.06,34.11,-4.65,55.291,2011-07-08
555,40,1054.0,34.33,37.22,-77.995,-81.364,2011-07-09
556,74,1651.8,20.99,33.85,-81.343,33.5,2011-07-10
557,43,596.7,18.69,34.89,-36.78,-3.878,2011-07-11
558,44,1679.9,21.24,34.3,77.858,-131.996,2011-07-12
559,29,1545.6,17.71,37.41,4.178,-92.684,2011-07-13
560,13,460.1,21.5,38.63,-41.078,-74.99,2011-07-14
561,12,262.7,14.64,35.32,-18.15,152.751,2011-07-15
562,95,1736.1,6.08,37.89,17.747,-97.061,2011-07-16
563,46,1926.5,2.45,32.97,27.531,-75.872,2011-07-17
564,2,62.6,0.53,35.41,-62.294,-47.033,2011-07-18
565,35,1462.5,7.74,33.45,85.866,58.947,2011-07-19
566,87,1819.0,-0.29,34.14,8.059,-137.434,2011-07-20
567,81,1714.7,18.99,37.32,-65.576,163.42,2011-07-21
568,90,1929.0,8.5,38.82,70.854,131.606,2011-07-22
569,8,1520.2,28.51,31.21,-76.565,27.798,2011-07-23
570,93,884.6,0.75,36.35,73.392,62.654,2011-07-24
571,26,623.9,6.38,35.82,89.382,-174.002,2011-07-25
572,74,641.5,25.02,31.18,36.078,-57.98,2011-07-26
573,90,1448.8,20.16,32.12,48.68,106.438,2011-07-27
574,34,1491.7,0.39,33.11,-29.285,-152.106,2011-07-28
575,7,400.7,30.46,31.67,79.484,-78.367,2011-07-29
576,68,1736.2,30.46,32.44,5.349,30.707,2011-07-30
577,58,1429.8,10.23,32.68,41.83,-87.691,2011-07-31
578,75,1125.5,10.6,33.36,76.339,156.232,2011-08-01
579,29,943.1,34.59,37.49,85.532,-132.819,2011-08-02
580,36,1086.5,21.17,35.72,59.977,107.062,2011-08-03
581,89,318.5,17.66,39.86,-35.457,2.862,2011-08-04
582,21,407.4,29.01,34.15,83.979,90.119,2011-08-05
583,36,182.3,8.56,37.54,23.062,-68.142,2011-08-06
584,10,307.3,13.88,38.71,77.516,5.216,2011-08-07
585,73,907.4,7.91,36.79,31.699,128.461,2011-08-08
586,24,1060.7,27.2,34.12,-34.697,-11.924,2011-08-09
587,64,35.7,19.21,37.54,-23.396,-50.501,2011-08-10
588,99,1593.6,22.38,32.04,9.085,13.016,2011-08-11
589,49,588.3,7.34,33.28,52.203,78.251,2011-08-12
590,99,1823.7,6.15,35.47,-32.763,-20.317,2011-08-13
591,36,1935.0,16.07,35.75,14.352,157.996,2011-08-14
592,82,370.9,25.29,30.22,-27.788,-73.82,2011-08-15
593,96,924.2,17.43,39.45,56.838,-8.833,2011-08-16
594,24,2.5,-0.79,36.97,-5.989,92.494,2011-08-17
595,23,1196.7,30.14,34.96,-76.19,68.084,2011-08-18
596,62,1214.6,0.39,39.33,-60.111,130.911,2011-08-19
597,96,495.1,33.37,34.39,-79.001,178.851,2011-08-20
598,37,1116.8,-1.07,39.8,-0.125,-26.331,2011-08-21
599,12,451.1,23.69,35.12,-70.859,-139.986,2011-08-22
600,55,321.7,1.04,31.14,-69.455,-169.05,2011-08-23
601,13,1303.0,31.7,37.65,79.389,81.676,2011-08-24
602,23,651.9,15.18,36.79,67.078,134.645,2011-08-25
603,89,1180.5,3.09,37.73,-8.624,-100.543,2011-08-26
604,99,866.5,10.61,39.51,87.445,-122.959,2011-08-27
605,30,1968.7,4.1,37.76,-89.966,-157.606,2011-08-28
606,17,299.2,4.31,36.11,20.516,116.173,2011-08-29
607,62,929.2,33.08,38.57,20.957,-67.903,2011-08-30
608,84,1360.9,14.47,36.73,-7.66,-35.389,2011-08-31
609,89,791.1,27.19,34.08,-18.549,0.99,2011-09-01
610,86,1949.4,21.67,38.86,-8.031,122.203,2011-09-02
611,13,1443.8,23.03,32.22,-15.307,54.3,2011-09-03
612,59,1314.0,2.87,37.15,41.489,41.423,2011-09-04
613,19,1514.1,6.66,38.82,-65.636,-116.758,2011-09-05
614,49,1905.3,27.11,37.31,-54.425,4.748,2011-09-06
615,12,1815.6,33.92,36.97,-57.507,77.537,2011-09-07
616,61,1448.6,7.72,37.53,-42.755,170.374,2011-09-08
617,19,1498.3,8.05,34.65,4.547,-107.494,2011-09-09
618,76,291.8,15.5,38.74,-69.982,-176.564,2011-09-10
619,9,205.6,34.4,32.03,66.27,-152.891,2011-09-11
620,71,1141.8,7.95,31.27,-36.475,-44.693,2011-09-12
621,28,36.7,13.06,32.86,-60.743,115.396,2011-09-13
622,78,964.7,30.98,35.32,31.612,-177.429,2011-09-14
623,95,420.7,-1.89,35.11,-83.144,-15.577,2011-09-15
624,52,692.0,-0.53,38.21,21.594,-61.477,2011-09-16
625,83,1551.6,20.35,34.05,35.676,-161.107,2011-09-17
626,16,1882.5,31.57,34.84,-51.315,-17.915,2011-09-18
627,69,144.8,6.84,30.13,-82.446,-88.29,2011-09-19
628,99,1068.5,15.38,34.1,-24.544,-53.321,2011-09-20
629,12,1765.1,14.67,36.48,-72.253,74.022,2011-09-21
630,25,165.0,15.5,30.16,-69.034,7.758,2011-09-22
631,52,1649.0,21.03,32.81,-44.233,-135.127,2011-09-23
632,85,715.6,15.38,32.08,-36.816,166.109,2011-09-24
633,53,644.2,14.56,30.42,5.395,48.928,2011-09-25
634,23,1954.9,15.55,34.79,32.111,95.713,2011-09-26
635,16,401.7,19.86,31.82,16.699,-151.483,2011-09-27
636,57,1386.4,17.87,37.43,-63.295,-163.059,2011-09-28
637,39,1642.9,29.6,38.48,-59.025,-172.999,2011-09-29
638,53,82.4,-0.17,35.46,68.178,-112.034,2011-09-30
639,42,1340.8,28.83,39.82,10.503,-30.813,2011-10-01
640,58,1903.1,29.23,34.5,66.589,156.897,2011-10-02
641,39,248.4,8.54,35.13,-23.122,-15.459,2011-10-03
642,14,1792.4,15.13,39.89,20.592,-75.508,2011-10-04
643,95,1189.6,14.23,32.32,4.259,22.297,2011-10-05
644,5,1233.2,6.08,39.43,-32.558,-139.704,2011-10-06
645,35,1225.9,12.68,30.43,-5.415,39.422,2011-10-07
646,87,597.7,-0.36,34.46,0.448,24.636,2011-10-08
647,93,1870.4,8.28,30.7,-53.861,105.117,2011-10-09
648,75,1894.7,28.22,37.29,-33.298,175.208,2011-10-10
649,18,1250.6,8.53,36.08,52.454,-89.686,2011-10-11
650,76,1566.8,28.27,37.07,74.842,3.476,2011-10-12
651,9,1224.5,17.67,33.74,-25.237,147.192,2011-10-13
652,74,968.8,30.55,33.69,-34.745,102.668,2011-10-14
653,58,1321.6,19.27,30.45,-54.865,-4.534,2011-10-15
654,17,1106.0,-0.9,33.5,32.128,160.334,2011-10-16
655,7,1195.0,22.99,39.29,-31.842,-159.395,2011-10-17
656,46,1567.7,-0.34,33.79,87.795,155.16,2011-10-18
657,13,961.8,14.67,38.31,-31.377,-161.817,2011-10-19
658,40,81.5,32.39,38.42,-19.056,17.03,2011-10-20
659,42,328.0,4.11,33.73,18.6,140.559,2011-10-21
660,9,877.2,12.43,36.32,54.303,-85.42,2011-10-22
661,50,1449.7,25.0,30.95,-5.487,-9.991,2011-10-23
662,27,1186.6,30.64,31.04,-13.922,-63.242,2011-10-24
663,66,1300.6,22.82,30.49,89.215,162.772,2011-10-25
664,5,958.6,7.55,35.81,-88.111,116.512,2011-10-26
665,29,1231.5,22.96,34.26,71.112,75.241,2011-10-27
666,37,658.0,8.98,35.48,-63.155,31.546,2011-10-28
667,38,940.4,24.58,35.21,51.467,115.413,2011-10-29
668,83,1488.6,33.3,33.5,21.228,-38.784,2011-10-30
669,8,1743.7,24.69,36.77,-28.467,-18.881,2011-10-31
670,65,867.3,29.93,37.59,67.297,82.801,2011-11-01
671,86,87.3,-1.92,30.15,-87.677,-51.208,2011-11-02
672,17,323.3,24.55,32.07,-49.196,-156.996,2011-11-03
673,71,41.7,28.69,37.13,12.041,-153.24,2011-11-04
674,89,1306.5,-0.5,33.87,-26.722,-138.469,2011-11-05
675,45,664.6,30.25,36.62,19.868,133.085,2011-11-06
676,4,1085.0,7.5,33.47,-85.66,-9.998,2011-11-07
677,36,986.6,22.62,33.91,-69.037,76.638,2011-11-08
678,70,163.1,27.61,31.59,-67.123,-38.553,2011-11-09
679,31,806.5,22.52,32.58,-55.929,-86.864,2011-11-10
680,19,441.1,1.41,36.05,-7.32,-55.011,2011-11-11
681,61,836.8,20.06,34.33,45.383,105.906,2011-11-12
682,54,407.2,18.33,37.74,72.997,45.078,2011-11-13
683,39,1680.9,31.31,38.53,60.367,157.55,2011-11-14
684,91,348.4,12.96,35.42,-54.56,64.694,2011-11-15
685,74,1921.6,9.88,37.58,-10.593,25.265,2011-11-16
686,90,831.8,25.74,33.07,-54.106,39.671,2011-11-17
687,19,1692.5,13.27,34.15,-42.395,159.254,2011-11-18
688,39,1257.5,21.91,37.13,0.638,103.752,2011-11-19
689,67,1470.7,21.92,33.86,-77.74,-171.345,2011-11-20
690,45,1535.4,30.86,35.89,-50.729,12.29,2011-11-21
691,13,1009.7,20.15,31.85,78.368,67.802,2011-11-22
692,92,1086.6,16.58,36.0,-6.099,89.531,2011-11-23
693,58,1028.0,3.14,38.62,-9.83,-103.269,2011-11-24
694,20,1176.1,2.28,38.69,-87.378,132.184,2011-11-25
695,92,58.8,3.71,37.24,-45.468,164.104,2011-11-26
696,72,791.0,4.36,37.46,65.933,-94.782,2011-11-27
697,61,1212.4,21.6,35.58,-60.367,137.742,2011-11-28
698,39,1195.4,25.42,35.85,-15.278,-145.088,2011-11-29
699,1,1585.9,17.61,31.34,-87.42,-159.946,2011-11-30
700,3,1310.0,28.67,34.44,-3.9,-133.479,2011-12-01
701,77,1984.3,34.68,34.51,-86.216,-159.213,2011-12-02
702,92,567.7,28.34,39.58,57.53,124.204,2011-12-03
703,62,718.3,23.71,34.31,58.474,-158.742,2011-12-04
704,63,767.7,17.7,35.49,51.794,-82.201,2011-12-05
705,25,931.6,14.61,35.33,-38.994,-142.648,2011-12-06
706,56,1672.0,1.12,36.37,60.703,-73.648,2011-12-07
707,33,471.6,12.78,37.48,7.74,-147.399,2011-12-08
708,38,1552.0,31.67,32.25,-22.715,60.481,2011-12-09
709,6,810.6,27.9,35.29,22.559,-132.002,2011-12-10
710,58,1203.7,5.99,38.26,-87.779,126.665,2011-12-11
711,44,1265.1,15.26,34.63,-64.267,114.189,2011-12-12
712,45,745.7,28.22,32.78,43.613,-175.082,2011-12-13
713,32,1025.2,0.49,36.55,-46.051,142.461,2011-12-14
714,45,826.1,12.33,38.24,17.642,-169.58,2011-12-15
715,61,138.3,29.52,30.63,-20.682,-93.728,2011-12-16
716,47,874.3,12.94,37.77,63.865,-168.34,2011-12-17
717,21,194.8,0.87,38.22,81.435,-59.096,2011-12-18
718,80,810.0,18.07,34.62,69.042,4.992,2011-12-19
719,85,1185.8,29.88,39.83,-41.288,106.792,2011-12-20
720,75,1158.8,19.84,37.87,-55.051,-58.327,2011-12-21
721,36,1325.2,6.37,37.74,-4.602,73.976,2011-12-22
722,99,190.5,12.22,37.48,-88.68,-112.498,2011-12-23
723,19,1304.2,14.65,31.51,-85.354,90.215,2011-12-24
724,20,624.3,19.43,32.17,9.592,-95.041,2011-12-25
725,57,798.1,26.1,34.64,3.681,-128.324,2011-12-26
726,18,1716.0,1.66,32.64,89.025,-113.253,2011-12-27
727,47,18.1,30.92,34.15,-53.668,-114.457,2011-12-28
728,49,1176.8,-1.54,38.88,-43.541,4.631,2011-12-29
729,14,1197.4,11.69,38.24,-69.563,124.127,2011-12-30
730,15,793.3,-0.99,36.3,75.158,-151.342,2011-12-31
731,31,474.1,12.54,38.58,50.006,74.504,2012-01-01
732,1,469.3,17.46,37.84,58.021,55.565,2012-01-02
733,54,1767.4,16.93,34.29,72.497,134.107,2012-01-03
734,3,884.0,4.13,32.01,4.482,-92.107,2012-01-04
735,16,661.8,21.89,35.14,-8.785,-17.96,2012-01-05
736,87,897.6,-0.34,37.36,-30.53,153.298,2012-01-06
737,57,1338.8,26.19,34.36,16.059,57.598,2012-01-07
738,75,291.5,33.03,36.67,-8.23,-40.043,2012-01-08
739,12,898.9,10.57,30.94,-8.718,-132.692,2012-01-09
740,74,1175.8,17.14,37.48,78.647,-85.505,2012-01-10
741,96,1897.2,12.02,38.13,87.126,29.238,2012-01-11
742,16,505.1,-1.75,37.07,53.367,78.54,2012-01-12
743,72,718.5,12.28,39.67,46.216,-135.208,2012-01-13
744,76,758.7,27.29,38.27,32.5,35.855,2012-01-14
745,24,1211.1,20.05,39.03,-60.107,18.126,2012-01-15
746,28,713.5,1.75,39.34,-79.361,5.024,2012-01-16
747,8,1067.0,29.34,38.01,34.331,68.444,2012-01-17
748,92,1563.6,17.65,36.74,41.182,121.482,2012-01-18
749,36,1410.8,29.14,30.06,-81.545,-63.724,2012-01-19
750,90,892.7,19.47,34.66,77.049,140.044,2012-01-20
751,8,1728.4,18.71,35.71,-73.595,-122.172,2012-01-21
752,58,1116.3,1.89,33.04,-38.538,-117.711,2012-01-22
753,60,1079.8,4.19,33.18,31.03,-83.962,2012-01-23
754,50,68.4,33.96,39.61,-59.423,-136.969,2012-01-24
755,28,1973.4,6.45,38.92,-80.025,-97.085,2012-01-25
756,92,245.9,34.17,38.49,-30.394,-141.692,2012-01-26
757,41,462.3,17.68,34.06,47.875,115.831,2012-01-27
758,64,103.4,3.02,30.14,-15.538,-129.971,2012-01-28
759,27,1280.0,1.67,30.8,27.535,89.027,2012-01-29
760,63,449.4,5.73,33.12,14.331,-162.751,2012-01-30
761,17,360.0,32.25,30.16,-86.001,161.467,2012-01-31
762,73,177.1,13.32,30.17,87.937,76.018,2012-02-01
763,33,206.6,12.63,39.17,-82.543,-177.553,2012-02-02
764,84,1169.3,9.59,37.06,84.204,94.988,2012-02-03
765,77,1376.4,3.44,33.09,8.976,5.069,2012-02-04
766,92,794.8,16.05,31.33,83.369,100.571,2012-02-05
767,29,959.8,2.81,35.12,-69.344,8.099,2012-02-06
768,13,1371.9,28.91,30.05,-1.726,50.769,2012-02-07
769,46,34.8,11.7,39.38,-59.489,103.079,2012-02-08
770,35,646.3,11.87,34.15,-80.825,-34.161,2012-02-09
771,6,1946.2,15.54,34.02,21.155,-179.025,2012-02-10
772,82,1160.2,14.43,33.91,-52.599,125.981,2012-02-11
773,69,508.4,34.81,30.69,15.785,-42.879,2012-02-12
774,47,1043.5,18.18,36.38,-69.774,-1.425,2012-02-13
775,25,685.3,1.26,37.33,-30.242,-177.204,2012-02-14
776,66,1064.5,20.45,36.76,50.694,-2.847,2012-02-15
777,10,251.5,3.61,31.38,-11.331,175.135,2012-02-16
778,56,265.4,-0.86,35.79,22.994,-79.824,2012-02-17
779,30,287.1,33.92,35.69,26.542,-37.649,2012-02-18
780,5,1879.6,26.62,38.68,61.876,67.388,2012-02-19
781,33,1465.8,34.26,33.79,-31.514,113.326,2012-02-20
782,65,324.8,15.68,33.71,33.713,-29.739,2012-02-21
783,18,376.7,17.69,36.19,83.091,-68.519,2012-02-22
784,96,1461.7,4.23,36.33,41.444,157.617,2012-02-23
785,49,312.3,7.14,34.69,-1.823,63.772,2012-02-24
786,11,469.1,29.03,34.43,23.529,-137.152,2012-02-25
787,85,1926.7,11.18,34.94,43.143,-155.186,2012-02-26
788,26,510.6,28.59,38.61,20.21,-5.922,2012-02-27
789,63,1323.3,24.23,34.61,-86.998,-100.768,2012-02-28
790,89,1957.3,4.56,39.4,-54.941,-88.565,2012-02-29
791,86,748.6,16.78,35.04,55.884,135.969,2012-03-01
792,59,35.0,23.06,39.49,-40.923,-147.756,2012-03-02
793,27,488.3,6.7,38.33,41.681,77.531,2012-03-03
794,49,1661.8,28.74,33.62,-23.018,-82.389,2012-03-04
795,77,1729.2,18.16,38.64,3.939,93.718,2012-03-05
796,33,1537.0,4.11,31.1,-77.765,80.068,2012-03-06
797,98,226.2,19.57,39.25,-57.379,-177.339,2012-03-07
798,99,1591.0,34.99,36.32,82.295,3.289,2012-03-08
799,1,1837.4,3.57,30.54,70.225,-129.845,2012-03-09
800,21,1201.2,28.22,36.44,27.41,131.842,2012-03-10
801,55,1881.8,5.67,39.74,-7.264,133.771,2012-03-11
802,6,1653.7,26.95,30.7,31.637,-29.396,2012-03-12
803,92,1333.9,25.18,35.55,21.35,-20.018,2012-03-13
804,81,1154.4,9.12,37.48,12.339,-70.818,2012-03-14
805,69,697.1,10.06,38.1,-79.348,77.978,2012-03-15
806,95,318.6,27.32,34.14,23.904,-50.882,2012-03-16
807,5,1209.9,15.07,32.04,48.406,-83.595,2012-03-17
808,3,636.2,25.04,30.42,88.935,-24.397,2012-03-18
809,53,1732.9,3.48,35.8,-88.006,-147.064,2012-03-19
810,23,1986.7,29.54,34.53,41.431,88.777,2012-03-20
811,53,1504.9,24.3,39.49,12.922,-175.465,2012-03-21
812,37,181.0,31.56,30.61,-11.871,52.015,2012-03-22
813,74,577.4,2.9,36.85,-67.037,-114.169,2012-03-23
814,74,218.2,19.94,30.25,-16.365,-96.335,2012-03-24
815,83,1301.0,20.17,31.71,-26.212,48.828,2012-03-25
816,17,1530.4,11.08,34.54,-35.491,177.46,2012-03-26
817,85,1851.3,14.96,34.55,41.558,99.978,2012-03-27
818,78,876.3,-0.59,36.86,36.131,-98.698,2012-03-28
819,73,1802.8,25.6,39.1,16.024,-116.631,2012-03-29
820,1,1755.8,18.32,36.39,78.96,131.844,2012-03-30
821,51,634.4,0.14,39.54,-27.026,-20.094,2012-03-31
822,45,1737.8,23.19,38.82,-46.116,-130.661,2012-04-01
823,77,751.3,15.27,35.84,28.063,130.396,2012-04-02
824,4,593.7,-0.72,38.34,-54.213,113.793,2012-04-03
825,62,1298.1,33.88,36.43,-33.298,174.206,2012-04-04
826,65,656.8,33.12,30.79,-49.572,147.508,2012-04-05
827,32,1260.4,16.98,37.41,-77.552,126.645,2012-04-06
828,34,1219.7,1.47,30.95,58.95,-161.073,2012-04-07
829,92,1126.9,25.92,35.94,-44.183,-142.41,2012-04-08
830,95,760.8,16.2,37.03,-4.855,24.834,2012-04-09
831,72,1097.0,9.19,30.67,-82.203,11.333,2012-04-10
832,39,1193.0,16.18,32.31,35.881,-15.133,2012-04-11
833,26,1091.4,17.33,39.16,-30.499,-37.156,2012-04-12
834,34,888.8,18.82,36.16,44.053,-24.764,2012-04-13
835,54,29.3,14.33,32.46,-15.767,24.947,2012-04-14
836,3,1174.1,20.41,36.91,-54.764,-179.252,2012-04-15
837,50,336.9,31.99,35.97,2.372,-86.145,2012-04-16
838,12,1285.2,11.4,35.02,-66.509,6.581,2012-04-17
839,65,1518.7,24.85,39.76,-10.703,79.998,2012-04-18
840,54,1000.9,31.09,36.83,-32.885,-117.304,2012-04-19
841,5,1084.7,14.87,33.75,74.153,16.877,2012-04-20
842,94,1903.0,14.41,38.0,-79.033,77.205,2012-04-21
843,94,1694.3,20.28,38.85,34.923,-19.934,2012-04-22
844,57,1828.5,19.88,31.25,-57.105,-170.251,2012-04-23
845,17,1627.5,27.84,32.01,-32.572,-18.263,2012-04-24
846,47,217.8,15.63,32.16,-15.207,-73.28,2012-04-25
847,23,298.0,34.86,36.91,73.443,154.674,2012-04-26
848,79,1053.2,0.2,36.03,-46.336,-135.139,2012-04-27
849,85,492.1,-1.88,36.19,-73.564,54.891,2012-04-28
850,14,953.4,21.69,39.41,-32.636,-161.021,2012-04-29
851,66,788.7,9.04,37.76,-71.158,-19.379,2012-04-30
852,75,1098.8,6.89,31.28,-66.853,19.433,2012-05-01
853,51,1493.8,9.54,33.48,13.293,-72.736,2012-05-02
854,38,1431.0,7.47,34.35,-79.038,-16.173,2012-05-03
855,64,1042.5,-0.86,33.96,-84.432,-121.121,2012-05-04
856,98,1644.8,33.95,36.69,38.595,-70.515,2012-05-05
857,38,861.7,6.17,38.92,-24.904,43.598,2012-05-06
858,50,1793.4,25.16,33.06,-67.432,-71.352,2012-05-07
859,98,142.6,26.22,35.52,-44.35,143.908,2012-05-08
860,82,1909.3,32.38,37.89,25.576,46.227,2012-05-09
861,30,1309.4,-0.87,34.16,-40.403,-22.086,2012-05-10
862,79,760.1,30.27,31.68,-0.986,-166.048,2012-05-11
863,91,394.3,17.51,34.75,-68.095,-0.163,2012-05-12
864,51,958.4,21.4,30.55,15.857,95.319,2012-05-13
865,63,389.1,21.85,39.42,-33.106,-84.399,2012-05-14
866,98,332.7,28.33,30.75,22.854,110.438,2012-05-15
867,52,1234.7,10.34,34.38,55.511,-89.35,2012-05-16
868,38,1046.2,25.12,35.3,20.096,116.549,2012-05-17
869,97,1340.2,17.56,39.85,-36.765,-149.303,2012-05-18
870,88,1859.2,27.36,31.66,-43.966,131.826,2012-05-19
871,79,1064.5,34.65,31.14,-31.064,-0.293,2012-05-20
872,30,1161.9,5.42,30.09,-60.368,-73.246,2012-05-21
873,51,179.3,34.8,31.56,-57.389,-84.559,2012-05-22
874,81,1435.3,1.32,32.07,52.324,-24.476,2012-05-23
875,5,799.8,-1.91,36.31,-20.748,179.658,2012-05-24
876,29,1953.5,-0.37,32.2,-11.521,-100.682,2012-05-25
877,4,1646.3,10.65,30.21,16.929,-142.842,2012-05-26
878,10,1045.0,21.42,38.27,16.138,30.613,2012-05-27
879,56,246.4,0.55,33.66,-77.872,-4.125,2012-05-28
880,17,1718.8,-1.79,33.54,59.677,8.711,2012-05-29
881,74,1599.6,32.67,33.02,-58.081,60.097,2012-05-30
882,17,369.2,28.41,39.75,40.153,-83.828,2012-05-31
883,84,590.6,27.94,31.7,49.081,147.839,2012-06-01
884,88,1586.8,30.72,38.98,38.682,-23.158,2012-06-02
885,69,370.5,23.9,37.77,14.216,-133.529,2012-06-03
886,34,1835.5,1.86,30.76,-87.37,87.228,2012-06-04
887,6,849.1,12.77,39.87,-25.132,51.518,2012-06-05
888,53,174.1,24.76,32.71,18.871,-66.332,2012-06-06
889,66,1631.5,8.37,30.99,-20.259,43.747,2012-06-07
890,77,747.0,23.43,38.29,65.426,-100.85,2012-06-08
891,43,1053.0,-1.09,37.07,-34.416,-19.858,2012-06-09
892,75,224.6,9.33,36.17,-37.164,143.789,2012-06-10
893,23,5.2,18.32,31.56,-42.12,-131.928,2012-06-11
894,55,1276.0,21.39,34.78,-30.099,-40.789,2012-06-12
895,80,1030.4,19.35,37.81,10.333,115.611,2012-06-13
896,95,1187.1,23.82,33.04,37.263,169.017,2012-06-14
897,75,1587.5,-1.77,33.12,29.262,-16.587,2012-06-15
898,16,1293.2,1.73,30.03,55.389,2.52,2012-06-16
899,8,349.5,30.15,31.74,69.465,25.982,2012-06-17
900,4,721.5,23.22,38.75,56.894,155.645,2012-06-18
901,4,1811.8,2.18,34.42,-86.59,128.954,2012-06-19
902,56,1539.9,29.16,39.84,42.465,-118.584,2012-06-20
903,25,1113.3,6.96,33.96,-52.488,-22.767,2012-06-21
904,67,511.3,15.7,37.15,-66.073,-12.96,2012-06-22
905,96,604.1,3.37,32.82,24.928,104.075,2012-06-23
906,67,1463.9,24.27,33.64,-32.446,37.041,2012-06-24
907,27,1702.3,22.67,31.91,-79.719,55.519,2012-06-25
908,93,1342.8,5.81,33.47,-65.227,179.352,2012-06-26
909,32,1619.1,29.95,35.47,-89.833,-153.014,2012-06-27
910,50,1533.3,12.85,39.92,72.58,-99.716,2012-06-28
911,61,299.4,8.82,36.64,-85.569,-33.157,2012-06-29
912,51,847.9,3.64,31.99,-52.298,-54.798,2012-06-30
913,19,306.0,7.85,30.45,-15.073,-172.208,2012-07-01
914,21,470.5,-1.19,31.26,-25.817,-146.96,2012-07-02
915,5,1738.5,19.58,35.63,74.111,65.143,2012-07-03
916,82,945.8,29.16,37.65,-82.748,136.557,2012-07-04
917,92,1070.7,18.31,39.4,2.199,5.122,2012-07-05
918,42,356.9,6.11,30.16,32.486,14.109,2012-07-06
919,61,624.5,-0.75,35.23,77.706,-88.166,2012-07-07
920,22,460.5,5.94,34.71,21.667,96.435,2012-07-08
921,21,412.4,13.4,36.56,54.676,90.646,2012-07-09
922,70,1275.9,26.11,35.6,-74.93,31.812,2012-07-10
923,1,513.8,4.95,36.87,-20.531,-103.441,2012-07-11
924,5,1264.0,24.63,36.58,-22.69,-145.073,2012-07-12
925,12,116.9,30.08,31.17,69.532,-156.874,2012-07-13
926,90,283.5,14.8,38.0,-62.753,33.371,2012-07-14
927,46,549.1,28.39,31.23,-62.66,117.013,2012-07-15
928,34,1194.1,18.52,36.99,-30.86,128.999,2012-07-16
929,49,1351.7,21.57,34.16,-80.196,-13.096,2012-07-17
930,78,885.4,17.47,35.14,-57.158,102.338,2012-07-18
931,90,891.6,15.14,39.03,83.738,160.877,2012-07-19
932,45,1449.0,6.68,38.9,-12.927,-80.939,2012-07-20
933,27,31.6,9.22,38.18,23.763,-36.734,2012-07-21
934,73,682.2,8.73,35.1,40.7,155.332,2012-07-22
935,26,1637.4,18.84,37.36,-23.947,-58.237,2012-07-23
936,47,1206.4,2.44,35.13,-63.499,148.995,2012-07-24
937,86,674.5,31.92,38.7,-52.815,173.176,2012-07-25
938,56,1811.0,24.66,34.03,-33.612,58.252,2012-07-26
939,94,1545.2,12.85,39.7,24.492,114.081,2012-07-27
940,63,529.8,3.87,39.32,-18.31,89.836,2012-07-28
941,48,1290.6,30.63,37.42,-88.773,71.832,2012-07-29
942,61,1191.5,28.48,32.79,4.213,-69.505,2012-07-30
943,81,802.4,24.7,31.32,75.872,-159.446,2012-07-31
944,26,733.9,8.05,38.55,56.174,-56.501,2012-08-01
945,36,687.1,12.89,31.65,58.538,60.097,2012-08-02
946,1,1234.3,1.8,38.54,53.11,-143.089,2012-08-03
947,8,884.8,4.99,34.91,-31.728,-175.71,2012-08-04
948,99,1663.7,26.97,34.07,47.735,-129.711,2012-08-05
949,52,1339.2,24.46,39.03,-64.231,77.665,2012-08-06
950,79,139.9,19.96,36.04,28.389,170.206,2012-08-07
951,47,1280.3,31.14,35.77,25.482,173.903,2012-08-08
952,56,542.3,19.58,35.59,-85.397,-2.168,2012-08-09
953,86,1185.6,15.28,33.71,51.835,132.967,2012-08-10
954,14,1360.3,10.59,37.86,72.585,85.258,2012-08-11
955,90,461.7,32.8,32.53,-41.865,0.374,2012-08-12
956,28,913.7,1.06,39.39,56.23,26.194,2012-08-13
957,87,380.6,32.44,38.94,-75.167,-130.598,2012-08-14
958,78,104.7,28.59,33.37,17.994,157.558,2012-08-15
959,88,757.0,2.81,37.29,-2.584,-53.305,2012-08-16
960,2,725.9,18.9,35.73,8.266,-19.386,2012-08-17
961,26,1991.0,30.06,33.38,76.717,61.798,2012-08-18
962,14,892.7,19.16,39.89,66.837,-59.795,2012-08-19
963,59,667.1,31.57,30.25,51.315,-88.467,2012-08-20
964,56,1161.0,32.89,32.53,-40.734,47.178,2012-08-21
965,7,177.5,13.63,35.2,74.127,-171.006,2012-08-22
966,3,1923.3,11.96,35.22,-72.449,79.461,2012-08-23
967,23,1269.9,32.64,35.89,63.599,5.048,2012-08-24
968,18,1509.7,22.98,37.52,-30.931,38.071,2012-08-25
969,38,341.0,2.29,36.23,-80.321,47.477,2012-08-26
970,99,819.0,-0.44,36.0,30.484,9.738,2012-08-27
971,15,845.4,18.89,30.54,-48.37,29.712,2012-08-28
972,64,1643.6,32.42,33.77,-46.157,66.164,2012-08-29
973,89,2.5,29.24,32.32,-34.912,91.123,2012-08-30
974,28,601.7,23.01,32.65,-78.537,81.883,2012-08-31
975,74,1962.5,3.15,35.54,-58.117,133.062,2012-09-01
976,39,949.8,7.41,32.0,-89.075,-111.8,2012-09-02
977,57,765.1,30.39,32.94,-9.826,-35.587,2012-09-03
978,17,239.7,4.76,32.37,-74.834,161.207,2012-09-04
979,86,1948.3,8.3,39.49,32.877,-37.227,2012-09-05
980,90,40.1,2.8,39.45,-47.588,-135.047,2012-09-06
981,44,1474.4,23.02,36.1,79.843,9.16,2012-09-07
982,25,1537.2,32.93,39.25,66.825,-140.583,2012-09-08
983,17,487.3,7.95,37.86,-37.901,-106.973,2012-09-09
984,13,1343.1,15.59,35.9,50.979,179.395,2012-09-10
985,84,185.9,21.47,30.06,54.584,14.891,2012-09-11
986,25,514.1,34.98,37.73,87.581,-77.739,2012-09-12
987,68,1575.8,1.88,37.02,17.611,178.119,2012-09-13
988,10,1729.4,16.45,36.15,-75.246,167.961,2012-09-14
989,67,1217.0,12.25,37.6,26.431,-21.334,2012-09-15
990,18,1013.7,30.04,35.13,22.496,-86.255,2012-09-16
991,86,318.6,15.61,37.04,24.903,121.824,2012-09-17
992,34,126.2,2.11,39.35,-34.714,77.623,2012-09-18
993,8,235.3,21.47,33.76,64.742,67.299,2012-09-19
994,40,454.7,26.52,37.08,82.705,141.521,2012-09-20
995,83,683.3,-1.89,34.76,-50.812,68.19,2012-09-21
996,42,761.8,29.78,36.74,-74.133,-77.833,2012-09-22
997,41,692.6,4.88,37.63,-54.984,69.791,2012-09-23
998,6,478.1,18.43,30.45,57.699,-69.907,2012-09-24
999,52,1019.4,13.38,36.47,31.796,93.326,2012-09-25
1000,26,1650.6,24.63,32.27,24.489,43.109,2012-09-26
